Workbook

Sheet README
A1: SRIO TARA - Interface based Asset Analysis
A2: Created from the provided Cybersecurity Process reference document. Scope: product-level TARA for SRIO via interfaces and affected assets.
A4: Topic | B4: Description
A5: Purpose | B5: Threat Analysis and Risk Assessment for SRIO focusing on interfaces, data flows and affected assets.
A6: Method | B6: Interface -> Asset -> Threat Scenario -> Impact/Likelihood -> Risk Treatment -> Residual Risk.
A7: Scoring | B7: Likelihood and Impact are rated 1..5. Risk Score = Likelihood x Impact. Levels: Low <=4, Medium 5..9, High 10..15, Critical >=16.
A8: Important assumption | B8: The document states SRIO product-level TARA does not replace plant/system-level risk assessment or operator environmental measures.
A9: Source | B9: Cybersecurity_Process.html, provided by user. Plain source reference is included in the Source columns and comments.
A10: How to use | B10: Review orange TBD/Review fields, adapt likelihood/impact in the TARA sheet, assign owners and due dates, then confirm residual risks.

Sheet Dashboard
A1: TARA Dashboard
A3: Metric | B3: Value | D3: Top interfaces by scenario count
A4: Total TARA scenarios | B4: =COUNTA(TARA!A4:A200) -> 25 | D4: Interface ID | E4: Scenario count
A5: Initial Critical | B5: =COUNTIF(TARA!M4:M200,"Critical") -> 2 | D5: IF-04 | E5: 5
A6: Initial High | B6: =COUNTIF(TARA!M4:M200,"High") -> 21 | D6: IF-03 | E6: 4
A7: Residual Critical | B7: =COUNTIF(TARA!S4:S200,"Critical") -> 0 | D7: IF-05 | E7: 3
A8: Residual High | B8: =COUNTIF(TARA!S4:S200,"High") -> 0 | D8: IF-01 | E8: 2
A9: Open items | B9: =COUNTIF(TARA!U4:U200,"Open") -> 25 | D9: IF-02 | E9: 2
A10: Review items | B10: =COUNTIF(TARA!U4:U200,"Review") -> 0 | D10: IF-06 | E10: 1
D11: IF-07 | E11: 1
D12: IF-08 | E12: 1
D13: IF-09 | E13: 1
D14: IF-10 | E14: 1
D15: IF-11 | E15: 1
D16: IF-12 | E16: 1
D17: IF-01/03 | E17: 1
D18: IF-01/02 | E18: 1

Sheet SUC_Assumptions
A1: SUC Boundaries, Scope and Assumptions
A3: Category | B3: Statement | C3: Responsibility | D3: TARA relevance | E3: Source | F3: Spalte1
A4: System | B4: SRIO is a functionally safe remote I/O module in a PROFINET/PROFIsafe network, acting as safe gateway between sensors/actuators and F-Host. | C4: Product | D4: Defines protected system and safety role. | E4: Cybersecurity_Process.html
A5: Safety context | B5: Safety context includes IEC 61508 SIL3 and EN ISO 13849-1 PL e Cat.4. | C5: Product | D5: High safety impact if safety assets are compromised. | E5: Cybersecurity_Process.html | F5: x
A6: Included scope | B6: Product-level cybersecurity analysis for COM, SCPU, IPC, field interfaces and IoTCore interface. | C6: Product | D6: Defines analyzed modules and interfaces. | E6: Cybersecurity_Process.html | F6: x
A7: Excluded scope | B7: Complete plant/network architecture risk treatment, third-party PLC hardening and customer-specific remote access are out of scope. | C7: Operator/Integrator | D7: External dependencies must be documented separately. | E7: Cybersecurity_Process.html | F7: x
A8: Environment | B8: Operation is assumed in an IEC EN 62443-1-1 compliant environment with additional system-side measures. | C8: Operator/Integrator | D8: Limits product-level treatment; environmental requirements required. | E8: Cybersecurity_Process.html | F8: x
A9: Exposure | B9: Typical deployment is fieldbus level / machine network / cell level. Direct internet exposure is not intended. | C9: Operator/Integrator | D9: Defines likelihood assumptions for network attacks. | E9: Cybersecurity_Process.html | F9: x
A10: Physical protection | B10: Physical protection is part of operator responsibility based on risk analysis. | C10: Operator/Integrator | D10: Local manipulation risks require external controls. | E10: Cybersecurity_Process.html | F10: x
A11: Trust assumption TB1 | B11: A compromised communication channel must not directly affect the Safety Domain. | C11: Product | D11: Drives separation and verification requirements. | E11: Cybersecurity_Process.html | F11: x
A12: Trust assumption TB2 | B12: The Safe CPU detects manipulated data from COM module. | C12: Product | D12: Drives internal data validation requirements. | E12: Cybersecurity_Process.html
A13: Trust assumption TB3 | B13: The Safe CPU does not trust Shared Flash but verifies the firmware image itself. | C13: Product | D13: Drives secure update verification requirements. | E13: Cybersecurity_Process.html

Sheet Assets
A1: SRIO Assets and Protection Objectives
A3: Asset ID | B3: Asset | C3: Description | D3: Primary protection objectives | E3: Typical affected resources | F3: Source
A4: A | B4: Trusted Safety Function | C4: SRIO correctly executes its specified safety function. | D4: Integrity, Availability | E4: Safe CPU, SysCom, DI/DO, PROFIsafe channel | F4: Cybersecurity_Process.html
A5: B | B5: Integrity of Safety Configuration | C5: Safe behavior is determined by the intended configuration. | D5: Integrity, Authenticity | E5: Safe CPU, SysCom, CPU3/COM, PROFINET parameterization | F5: Cybersecurity_Process.html
A6: C | B6: Integrity and Authenticity of Safety-Relevant Process Data | C6: Input, output and PROFIsafe data correspond to the actual safety state. | D6: Integrity, Authenticity, Availability | E6: Safe CPU, SysCom, CPU3/COM, PROFIsafe channel, DI/DO | F6: Cybersecurity_Process.html
A7: D | B7: Authenticity and Integrity of Safety Software | C7: Bootloader and firmware remain authentic and unmodified. | D7: Authenticity, Integrity | E7: Safe CPU, COM CPU, Shared Flash, IoT interface, update workflow | F7: Cybersecurity_Process.html
A8: E | B8: Integrity of Safety Monitoring | C8: Self-tests, plausibility checks, diagnostics and fault responses remain trustworthy. | D8: Integrity, Availability | E8: Safe CPU, SysCom, diagnostics, watchdog | F8: Cybersecurity_Process.html
A9: F | B9: Separation of Safety and Non-Safety Domain | C9: A compromised COM system must not affect the integrity of the safety function. | D9: Integrity, Isolation, Availability | E9: Safe CPU, SysCom, COM, IoT, Shared Flash | F9: Cybersecurity_Process.html
A10: G | B10: Integrity of Operating Mode | C10: Test and update functions must not be activated or used without authorization. | D10: Integrity, Authenticity, Availability | E10: Rotary switches, IoT service functions, update mode, COM/SCPU control path | F10: Cybersecurity_Process.html
A11: H | B11: SRIO Functionality | C11: Availability of SRIO functionality shall be ensured. | D11: Availability, Fail-safe behavior | E11: Power supply, COM, SCPU, network channels, field I/O | F11: Cybersecurity_Process.html

Sheet Interfaces
A1: SRIO Interfaces and Data Flows
A3: Interface ID | B3: Interface / Boundary | C3: Type | D3: Direction | E3: Protocol / Medium | F3: Relevant data flows | G3: Trust boundary | H3: Affected assets | I3: Main resources | J3: Source
A4: IF-01 | B4: Ethernet / PROFINET | C4: External | D4: Bidirectional | E4: PROFINET over Ethernet M12 D-coded | F4: Cyclic/acyclic PROFINET communication, parameterization, network services | G4: TB1 External World -> COM | H4: B, C, F, H | I4: COM CPU, NetX90, PROFINET channel | J4: Cybersecurity_Process.html
A5: IF-02 | B5: PROFIsafe over PROFINET | C5: External logical safety channel | D5: Bidirectional | E5: PROFIsafe black-channel over PROFINET | F5: Safety process data, F-Host communication | G5: TB1 External World -> COM; TB2 COM -> Safety | H5: A, C, F, H | I5: PROFIsafe channel, COM, SCPU, SysCom | J5: Cybersecurity_Process.html
A6: IF-03 | B6: IoTCore service interface | C6: External | D6: Bidirectional | E6: HTTP/JSON | F6: Diagnostics, monitoring, error log, firmware update handling, device information | G6: TB1 External World -> COM | H6: D, E, G, F, H | I6: IoT interface, COM CPU, Shared Flash | J6: Cybersecurity_Process.html
A7: IF-04 | B7: SysCom | C7: Internal | D7: Bidirectional | E7: SPI between COM/CPU3 and SCPU | F7: Configuration data, process data, diagnostics, heartbeat, update trigger, firmware reference | G7: TB2 COM Domain -> Safety Domain | H7: A, B, C, D, E, F, G, H | I7: SysCom, COM, SCPU | J7: Cybersecurity_Process.html
A8: IF-05 | B8: Shared Flash update path | C8: Internal | D8: Bidirectional | E8: Non-volatile shared update flash | F8: Write/read firmware image, version information | G8: TB3 COM Domain <-> Shared Flash | H8: D, F, G, H | I8: Shared Flash, COM, SCPU | J8: Cybersecurity_Process.html
A9: IF-06 | B9: Safety input terminals | C9: External field local | D9: Input to SRIO | E9: 24V binary F-DI, associated supply | F9: Sensor states, input diagnostics | G9: Field device boundary | H9: A, C, E, H | I9: DI, SCPU | J9: Cybersecurity_Process.html
A10: IF-07 | B10: Safety output terminals | C10: External field local | D10: Output from SRIO | E10: 24V binary F-DO, associated supply | F10: Actuator commands, safe switch-off, maintained OFF state | G10: Field device boundary | H10: A, C, E, H | I10: DO, SCPU | J10: Cybersecurity_Process.html
A11: IF-08 | B11: Rotary switches | C11: External local | D11: Input to SRIO | E11: Physical local switch | F11: Addressing / update mode / function selection | G11: Local physical boundary | H11: B, G, F, H | I11: Rotary switches, SCPU | J11: Cybersecurity_Process.html
A12: IF-09 | B12: JTAG / debug interfaces | C12: Internal/service | D12: Local physical | E12: Debug/service access | F12: CPU debug access, firmware/memory inspection or manipulation | G12: Physical/service boundary | H12: D, F, G, H | I12: JTAG per CPU, SCPU, COM CPU | J12: Cybersecurity_Process.html
A13: IF-10 | B13: Power supply / daisy-chain | C13: External physical | D13: Supply input/output | E13: Device supply US/UA | F13: Device supply, field I/O supply paths | G13: Installation boundary | H13: H, A | I13: Power supply, field supply | J13: Cybersecurity_Process.html
A14: IF-11 | B14: LED status indication | C14: External local | D14: Output from SRIO | E14: Local indicator | F14: Status indication and diagnostic observability | G14: Local observation boundary | H14: E, H | I14: LEDs, diagnostics | J14: Cybersecurity_Process.html
A15: IF-12 | B15: IPC SCPU1 <-> SCPU2 | C15: Internal | D15: Bidirectional | E15: Internal cross communication | F15: 1oo2 cross-communication and plausibility monitoring | G15: Safety internal boundary | H15: A, C, E, F, H | I15: SCPU1, SCPU2, IPC, watchdog | J15: Cybersecurity_Process.html

Sheet Risk_Matrix
A1: Risk Scoring Matrix
A3: Impact \ Likelihood | B3: 1 | C3: 2 | D3: 3 | E3: 4 | F3: 5
A4: 1 | B4: 1 | C4: 2 | D4: 3 | E4: 4 | F4: 5
A5: 2 | B5: 2 | C5: 4 | D5: 6 | E5: 8 | F5: 10
A6: 3 | B6: 3 | C6: 6 | D6: 9 | E6: 12 | F6: 15
A7: 4 | B7: 4 | C7: 8 | D7: 12 | E7: 16 | F7: 20
A8: 5 | B8: 5 | C8: 10 | D8: 15 | E8: 20 | F8: 25
A10: Risk level formula | B10: Low <=4; Medium 5..9; High 10..15; Critical >=16
A11: Risk acceptance | B11: Residual Critical/High must be explicitly accepted or further treated. Medium requires review. Low may be accepted if justified.

Sheet TARA
A1: Interface based Asset TARA
A3: TARA ID | B3: Interface ID | C3: Interface / Data Flow | D3: Threat Category | E3: Threat scenario | F3: Affected Asset IDs | G3: Affected asset rationale | H3: Damage / impact description | I3: Existing controls or assumptions from source | J3: Likelihood (1-5) | K3: Impact (1-5) | L3: Initial Risk | M3: Initial Level | N3: Treatment decision | O3: Recommended security requirement / mitigation | P3: Residual Likelihood | Q3: Residual Impact | R3: Residual Risk | S3: Residual Level | T3: Owner | U3: Status | V3: Verification / evidence | W3: Source
A4: TARA-001 | B4: IF-01 | C4: PROFINET parameterization | D4: Tampering | E4: Attacker manipulates PROFINET parameterization before or during commissioning. | F4: B, A, H | G4: Safety behavior depends on intended configuration. | H4: Incorrect device behavior, loss of intended safety configuration, possible unavailable safe function. | I4: Primary functional configuration by PLC/F-Host; Safe CPU is expected to validate manipulated data via TB2. | J4: 3 | K4: 5 | L4: =J4*K4 -> 15 | M4: =IF(L4>=16,"Critical",IF(L4>=10,"High",IF(L4>=5,"Medium","Low"))) -> High | N4: Mitigate | O4: Validate safety-relevant configuration on SCPU with CRC/signature/consistency checks before activation. Reject invalid configuration and enter defined safe state. | P4: 1 | Q4: 5 | R4: =P4*Q4 -> 5 | S4: =IF(R4>=16,"Critical",IF(R4>=10,"High",IF(R4>=5,"Medium","Low"))) -> Medium | T4: Product Security | U4: Open | V4: Configuration negative tests; CRC mismatch tests; safe-state evidence | W4: Cybersecurity_Process.html
A5: TARA-002 | B5: IF-01 | C5: PROFINET network services | D5: Denial of Service | E5: Malformed or excessive PROFINET traffic overloads COM or communication stack. | F5: H, F, A | G5: COM supports fieldbus communication but must not compromise safety domain. | H5: Loss of availability, delayed communication, potential fail-safe reaction. | I5: Direct internet exposure not intended; deployment in fieldbus/cell network. | J5: 3 | K5: 4 | L5: =J5*K5 -> 12 | M5: =IF(L5>=16,"Critical",IF(L5>=10,"High",IF(L5>=5,"Medium","Low"))) -> High | N5: Mitigate | O5: Rate-limit, robust input parsing, watchdog monitoring, and deterministic fail-safe behavior on communication loss. | P5: 2 | Q5: 3 | R5: =P5*Q5 -> 6 | S5: =IF(R5>=16,"Critical",IF(R5>=10,"High",IF(R5>=5,"Medium","Low"))) -> Medium | T5: Product Security | U5: Open | V5: Robustness/fuzz tests; network overload tests; watchdog behavior | W5: Cybersecurity_Process.html
A6: TARA-003 | B6: IF-02 | C6: PROFIsafe telegrams | D6: Spoofing/Tampering | E6: Spoofed or manipulated PROFIsafe telegrams attempt to alter safe input/output process data. | F6: C, A, H | G6: Process data must correspond to actual safety state. | H6: Incorrect actuator command or reported sensor state. Potential safety function impact if not detected. | I6: PROFIsafe used as black-channel protocol over PROFINET. | J6: 2 | K6: 5 | L6: =J6*K6 -> 10 | M6: =IF(L6>=16,"Critical",IF(L6>=10,"High",IF(L6>=5,"Medium","Low"))) -> High | N6: Mitigate | O6: Rely on PROFIsafe safety mechanisms and verify integration assumptions; monitor communication errors and enter safe state on invalid telegrams. | P6: 1 | Q6: 5 | R6: =P6*Q6 -> 5 | S6: =IF(R6>=16,"Critical",IF(R6>=10,"High",IF(R6>=5,"Medium","Low"))) -> Medium | T6: Safety/Security | U6: Open | V6: PROFIsafe conformance evidence; invalid telegram tests | W6: Cybersecurity_Process.html
A7: TARA-004 | B7: IF-02 | C7: PROFIsafe communication availability | D7: Denial of Service | E7: Communication interruption or repeated invalid safety telegrams suppress normal safety communication. | F7: H, A, C | G7: SRIO functionality and safety data availability are affected. | H7: SRIO enters fail-safe or unavailable state causing machine downtime. | I7: Availability and deterministic fail-safe are protection objectives. | J7: 3 | K7: 4 | L7: =J7*K7 -> 12 | M7: =IF(L7>=16,"Critical",IF(L7>=10,"High",IF(L7>=5,"Medium","Low"))) -> High | N7: Mitigate | O7: Define timeouts, safe-state behavior, diagnostic event logging and operator guidance for network outages. | P7: 2 | Q7: 3 | R7: =P7*Q7 -> 6 | S7: =IF(R7>=16,"Critical",IF(R7>=10,"High",IF(R7>=5,"Medium","Low"))) -> Medium | T7: Product Security | U7: Open | V7: Timeout validation; diagnostic event evidence | W7: Cybersecurity_Process.html
A8: TARA-005 | B8: IF-03 | C8: IoT diagnostics / monitoring | D8: Information Disclosure | E8: Unauthorized IoTCore access reads diagnostics, device information, error log or service data. | F8: E, G, H | G8: Diagnostics may expose system status and service capabilities. | H8: Information gathering supports follow-on attacks or hides operational issues if combined with tampering. | I8: IoTCore uses HTTP/JSON for service functions and can be reachable from operator network. | J8: 4 | K8: 3 | L8: =J8*K8 -> 12 | M8: =IF(L8>=16,"Critical",IF(L8>=10,"High",IF(L8>=5,"Medium","Low"))) -> High | N8: Mitigate | O8: Authenticate service access, restrict endpoints by role, minimize sensitive data exposure, document required network segmentation. | P8: 2 | Q8: 2 | R8: =P8*Q8 -> 4 | S8: =IF(R8>=16,"Critical",IF(R8>=10,"High",IF(R8>=5,"Medium","Low"))) -> Low | T8: Product Security | U8: Open | V8: Access-control tests; endpoint review | W8: Cybersecurity_Process.html
A9: TARA-006 | B9: IF-03 | C9: IoT firmware update handling | D9: Elevation of Privilege/Tampering | E9: Unauthorized user triggers firmware update workflow or injects manipulated update container via IoT path. | F9: D, G, F, H | G9: Safety software and operating mode must remain authentic and authorized. | H9: Execution of unauthorized software or unintended update mode, possible device outage. | I9: Firmware update manipulation is listed as foreseeable misuse; TB3 assumes Safe CPU verifies firmware image. | J9: 3 | K9: 5 | L9: =J9*K9 -> 15 | M9: =IF(L9>=16,"Critical",IF(L9>=10,"High",IF(L9>=5,"Medium","Low"))) -> High | N9: Mitigate | O9: Require authenticated/authorized update trigger; cryptographic signature and version checks; fail-safe rollback or rejection for invalid image. | P9: 1 | Q9: 5 | R9: =P9*Q9 -> 5 | S9: =IF(R9>=16,"Critical",IF(R9>=10,"High",IF(R9>=5,"Medium","Low"))) -> Medium | T9: Product Security | U9: Open | V9: Secure update tests; signature/downgrade tests | W9: Cybersecurity_Process.html
A10: TARA-007 | B10: IF-03 | C10: IoT test/service functions | D10: Elevation of Privilege | E10: Unauthorized use of service/test functions changes operating mode or influences safety behavior indirectly. | F10: G, F, A, H | G10: Test/update functions must not be activated without authorization. | H10: Unauthorized operating mode change, degraded function availability or inhibited safety function. | I10: IoTCore supports diagnostics, monitoring, update workflow and service functions. | J10: 3 | K10: 5 | L10: =J10*K10 -> 15 | M10: =IF(L10>=16,"Critical",IF(L10>=10,"High",IF(L10>=5,"Medium","Low"))) -> High | N10: Mitigate | O10: Implement role-based access control, mode gating, local confirmation where needed, and audit logging. | P10: 1 | Q10: 4 | R10: =P10*Q10 -> 4 | S10: =IF(R10>=16,"Critical",IF(R10>=10,"High",IF(R10>=5,"Medium","Low"))) -> Low | T10: Product Security | U10: Open | V10: Authorization tests; mode transition tests | W10: Cybersecurity_Process.html
A11: TARA-008 | B11: IF-03 | C11: IoT HTTP/JSON parser | D11: Tampering/DoS | E11: Malformed JSON or unexpected requests exploit COM parser or service handler. | F11: F, H, E | G11: Compromised COM must not affect safety function; diagnostics integrity must remain intact. | H11: COM compromise, service outage, potential attempt to cross into safety domain. | I11: Compromised communication channel must not directly affect Safety Domain. | J11: 4 | K11: 4 | L11: =J11*K11 -> 16 | M11: =IF(L11>=16,"Critical",IF(L11>=10,"High",IF(L11>=5,"Medium","Low"))) -> Critical | N11: Mitigate | O11: Harden parser, validate schema, apply memory-safe handling, fuzz test IoTCore endpoints, isolate process privileges. | P11: 2 | Q11: 3 | R11: =P11*Q11 -> 6 | S11: =IF(R11>=16,"Critical",IF(R11>=10,"High",IF(R11>=5,"Medium","Low"))) -> Medium | T11: Product Security | U11: Open | V11: Fuzzing report; static analysis; negative API tests | W11: Cybersecurity_Process.html
A12: TARA-009 | B12: IF-04 | C12: SysCom configuration transfer | D12: Tampering | E12: Compromised COM sends manipulated configuration data to SCPU over SysCom. | F12: B, F, A | G12: SysCom is the internal path from COM to safety domain. | H12: Activation of incorrect safety configuration if SCPU does not detect manipulation. | I12: TB2: Safe CPU detects manipulated data from COM module. | J12: 3 | K12: 5 | L12: =J12*K12 -> 15 | M12: =IF(L12>=16,"Critical",IF(L12>=10,"High",IF(L12>=5,"Medium","Low"))) -> High | N12: Mitigate | O12: SCPU independently validates complete configuration integrity, sequence, source context and activation conditions. | P12: 1 | Q12: 5 | R12: =P12*Q12 -> 5 | S12: =IF(R12>=16,"Critical",IF(R12>=10,"High",IF(R12>=5,"Medium","Low"))) -> Medium | T12: Safety/Security | U12: Open | V12: SCPU validation tests; SysCom fault injection | W12: Cybersecurity_Process.html
A13: TARA-010 | B13: IF-04 | C13: SysCom process data transfer | D13: Tampering | E13: Process data passed via SysCom is modified, replayed, delayed or reordered. | F13: C, A, F, H | G13: Process data must correspond to actual safety state; safety/non-safety separation is critical. | H13: Incorrect process image or fail-safe reaction; potential machine stop. | I13: SysCom carries PROFIsafe process data and heartbeat information. | J13: 3 | K13: 5 | L13: =J13*K13 -> 15 | M13: =IF(L13>=16,"Critical",IF(L13>=10,"High",IF(L13>=5,"Medium","Low"))) -> High | N13: Mitigate | O13: Use sequence counters, CRC/MAC where applicable, timeout monitoring, plausibility checks and safe-state fallback. | P13: 1 | Q13: 5 | R13: =P13*Q13 -> 5 | S13: =IF(R13>=16,"Critical",IF(R13>=10,"High",IF(R13>=5,"Medium","Low"))) -> Medium | T13: Safety/Security | U13: Open | V13: Replay/delay tests; sequence counter tests | W13: Cybersecurity_Process.html
A14: TARA-011 | B14: IF-04 | C14: SysCom diagnostics transfer | D14: Repudiation/Tampering | E14: COM hides, alters or delays diagnostic information transferred to or from SCPU. | F14: E, H, F | G14: Safety monitoring relies on diagnostics and fault responses. | H14: Faults may be hidden from operator or incorrect status displayed. | I14: Diagnostic information is a TB2 data flow and affects Safety Monitoring. | J14: 3 | K14: 4 | L14: =J14*K14 -> 12 | M14: =IF(L14>=16,"Critical",IF(L14>=10,"High",IF(L14>=5,"Medium","Low"))) -> High | N14: Mitigate | O14: SCPU retains authoritative diagnostic state; signed/integrity-protected diagnostic records; consistency checks between local and network view. | P14: 1 | Q14: 3 | R14: =P14*Q14 -> 3 | S14: =IF(R14>=16,"Critical",IF(R14>=10,"High",IF(R14>=5,"Medium","Low"))) -> Low | T14: Product Security | U14: Open | V14: Diagnostic manipulation tests; event log consistency | W14: Cybersecurity_Process.html
A15: TARA-012 | B15: IF-04 | C15: SysCom heartbeat | D15: Denial of Service | E15: Heartbeat manipulation causes false availability, false failure detection or excessive resets. | F15: E, H, A | G15: Safety monitoring and availability depend on heartbeat correctness. | H15: Unexpected fail-safe transition, unavailability or inability to detect COM/SCPU issue. | I15: Heartbeat information is identified as TB2 flow with availability risk. | J15: 3 | K15: 4 | L15: =J15*K15 -> 12 | M15: =IF(L15>=16,"Critical",IF(L15>=10,"High",IF(L15>=5,"Medium","Low"))) -> High | N15: Mitigate | O15: Use timeout windows, monotonic counters, watchdog independence and defined degraded/fail-safe behavior. | P15: 1 | Q15: 3 | R15: =P15*Q15 -> 3 | S15: =IF(R15>=16,"Critical",IF(R15>=10,"High",IF(R15>=5,"Medium","Low"))) -> Low | T15: Safety/Security | U15: Open | V15: Heartbeat fault injection; watchdog tests | W15: Cybersecurity_Process.html
... A28: TARA-025 | B28: IF-01/02 | C28: Controller/F-Host dependency | D28: Spoofing/Tampering | E28: Third-party PLC/F-Host or controller-side parameterization is compromised. | F28: B, C, A, H | G28: SRIO relies on intended configuration and safety communication from controller side. | H28: Incorrect configuration or commands from compromised upstream system. | I28: Third-party controller hardening is out of scope and handled by controller vendor/operator. | J28: 3 | K28: 5 | L28: =J28*K28 -> 15 | M28: =IF(L28>=16,"Critical",IF(L28>=10,"High",IF(L28>=5,"Medium","Low"))) -> High | N28: Transfer/Mitigate | O28: Document system-level requirement for trusted F-Host, controller hardening and secure commissioning; product validates received safety parameters. | P28: 2 | Q28: 4 | R28: =P28*Q28 -> 8 | S28: =IF(R28>=16,"Critical",IF(R28>=10,"High",IF(R28>=5,"Medium","Low"))) -> Medium | T28: Operator + Product | U28: Open | V28: Customer documentation; commissioning validation tests | W28: Cybersecurity_Process.html

Sheet Requirements
A1: Derived Security Requirements and Evidence
A3: Req ID | B3: Related TARA IDs | C3: Requirement | D3: Rationale | E3: Target / owner | F3: Verification approach | G3: Status | H3: Source
A4: SRIO-CS-001 | B4: TARA-001,009 | C4: SCPU shall validate safety-relevant configuration before activation using integrity and consistency checks. | D4: Protects asset B and supports TB2 trust assumption. | E4: Safety/Security | F4: CRC/signature mismatch tests; commissioning validation | G4: Open | H4: Cybersecurity_Process.html
A5: SRIO-CS-002 | B5: TARA-003,004 | C5: SRIO shall handle invalid or missing PROFIsafe communication with deterministic safe-state behavior and diagnostics. | D5: Protects C, A and H. | E5: Safety/Security | F5: Invalid telegram and timeout tests | G5: Open | H5: Cybersecurity_Process.html
A6: SRIO-CS-003 | B6: TARA-005,007,008 | C6: IoTCore service endpoints shall require appropriate authentication/authorization and robust input validation. | D6: Protects G, E, F and H. | E6: Product Security | F6: Authorization tests; API fuzzing; negative tests | G6: Open | H6: Cybersecurity_Process.html
A7: SRIO-CS-004 | B7: TARA-006,014,015,016 | C7: Firmware update workflow shall verify authenticity, integrity and anti-rollback properties before installation. | D7: Protects D and G; implements TB3. | E7: Product Security | F7: Signature, corrupted-image and downgrade tests | G7: Open | H7: Cybersecurity_Process.html
A8: SRIO-CS-005 | B8: TARA-010,011,012,013 | C8: SysCom communication shall be validated by SCPU for integrity, sequence, timing and allowed mode transitions. | D8: Protects B, C, D, E, F, G. | E8: Safety/Security | F8: SysCom fault injection and replay/delay tests | G8: Open | H8: Cybersecurity_Process.html
A9: SRIO-CS-006 | B9: TARA-017,018 | C9: Field I/O diagnostics shall detect relevant wiring and signal faults and transition to defined safe state where required. | D9: Protects A, C, E and H. | E9: Safety | F9: Field fault simulation and diagnostics evidence | G9: Open | H9: Cybersecurity_Process.html
A10: SRIO-CS-007 | B10: TARA-019,020 | C10: Local physical/service interfaces shall be protected against unauthorized production use or documented as operator responsibility. | D10: Protects B, D, F, G and H. | E10: Product + Operator | F10: Production debug lock evidence; security manual | G10: Open | H10: Cybersecurity_Process.html
A11: SRIO-CS-008 | B11: TARA-021,024,025 | C11: Customer documentation shall state environmental security requirements: segmentation, access control, secure remote access, physical protection and system-level risk assessment. | D11: Addresses out-of-scope and operator-level dependencies. | E11: Operator/Integrator | F11: Security manual review; external requirement list | G11: Open | H11: Cybersecurity_Process.html
A12: SRIO-CS-009 | B12: TARA-002,008,024 | C12: COM domain shall be hardened so that compromised external communication cannot directly affect safety domain integrity. | D12: Protects F and follows TB1. | E12: Product Security | F12: Architecture review; penetration/fuzz tests; separation evidence | G12: Open | H12: Cybersecurity_Process.html
A13: SRIO-CS-010 | B13: TARA-011,022 | C13: Diagnostics and local status indication shall be consistent with authoritative SCPU diagnostic state. | D13: Protects E and supports operator interpretation. | E13: Product Security | F13: Diagnostic consistency tests | G13: Open | H13: Cybersecurity_Process.html

Sheet Interface_Asset_Matrix
A1: Interface to Asset Mapping
A3: Interface ID | B3: Interface | C3: A | D3: B | E3: C | F3: D | G3: E | H3: F | I3: G | J3: H | K3: Comment | L3: Source
A4: IF-01 | B4: Ethernet / PROFINET | D4: X | E4: X | H4: X | J4: X | K4: Derived from interface descriptions, trust boundaries and asset/resource mapping. | L4: Cybersecurity_Process.html
A5: IF-02 | B5: PROFIsafe over PROFINET | C5: X | E5: X | H5: X | J5: X | K5: Derived from interface descriptions, trust boundaries and asset/resource mapping. | L5: Cybersecurity_Process.html
A6: IF-03 | B6: IoTCore service interface | F6: X | G6: X | H6: X | I6: X | J6: X | K6: Derived from interface descriptions, trust boundaries and asset/resource mapping. | L6: Cybersecurity_Process.html
A7: IF-04 | B7: SysCom | C7: X | D7: X | E7: X | F7: X | G7: X | H7: X | I7: X | J7: X | K7: Derived from interface descriptions, trust boundaries and asset/resource mapping. | L7: Cybersecurity_Process.html
A8: IF-05 | B8: Shared Flash update path | F8: X | H8: X | I8: X | J8: X | K8: Derived from interface descriptions, trust boundaries and asset/resource mapping. | L8: Cybersecurity_Process.html
A9: IF-06 | B9: Safety input terminals | C9: X | E9: X | G9: X | J9: X | K9: Derived from interface descriptions, trust boundaries and asset/resource mapping. | L9: Cybersecurity_Process.html
A10: IF-07 | B10: Safety output terminals | C10: X | E10: X | G10: X | J10: X | K10: Derived from interface descriptions, trust boundaries and asset/resource mapping. | L10: Cybersecurity_Process.html
A11: IF-08 | B11: Rotary switches | D11: X | H11: X | I11: X | J11: X | K11: Derived from interface descriptions, trust boundaries and asset/resource mapping. | L11: Cybersecurity_Process.html
A12: IF-09 | B12: JTAG / debug interfaces | F12: X | H12: X | I12: X | J12: X | K12: Derived from interface descriptions, trust boundaries and asset/resource mapping. | L12: Cybersecurity_Process.html
A13: IF-10 | B13: Power supply / daisy-chain | C13: X | J13: X | K13: Derived from interface descriptions, trust boundaries and asset/resource mapping. | L13: Cybersecurity_Process.html
A14: IF-11 | B14: LED status indication | G14: X | J14: X | K14: Derived from interface descriptions, trust boundaries and asset/resource mapping. | L14: Cybersecurity_Process.html
A15: IF-12 | B15: IPC SCPU1 <-> SCPU2 | C15: X | E15: X | G15: X | H15: X | J15: X | K15: Derived from interface descriptions, trust boundaries and asset/resource mapping. | L15: Cybersecurity_Process.html
